{"greeting": {"howdy": 0.084375, "hi": 0.334375, "hello": 0.41250000000000003, "yo": 0.084375, "hey": 0.084375}}