{"greeting": {"howdy": 0.06328125, "hi": 0.25078125, "hello": 0.30937500000000007, "yo": 0.06328125, "hey": 0.31328125}}